family,profile_variant,zone,history,query,action,prediction,structured_memory,generated_response,decision_raw_output
education_detail,scoped,outside,"Session 1: It is not a universal response-style preference.
Session 2: Another message asked for a summary of a news article.
Session 3: There was a separate exchange about organizing files on a laptop.
Session 4: The detailed request is limited to unfamiliar learning material.
Session 5: I want a detailed explanation with the intermediate reasoning.
Session 6: For routine checks and timed quizzes, I usually want only the answer.
Session 7: This topic is new to me, so I need extra detail for this lesson.",I only need a quick correctness check on a familiar exercise.,IGNORE,IGNORE,"{""preference"": ""education_answer_only"", ""family"": ""writing_conciseness"", ""owner"": ""session_5"", ""information_type"": ""temporary_constraint"", ""applies_when"": ""routine_checks_and_timed_quizzes"", ""does_not_apply_when"": ""travel_budget,food_spiciness,food_quick_meals"", ""temporal_validity"": ""context-dependent"", ""confidence"": 0.8, ""evidence"": [""There was a separate exchange about organizing files on a laptop."", ""Another message asked for a summary of a news article.""], ""permission"": ""response_personalization"", ""profile_variant"": ""scoped""}",,"{""action"":""IGNORE"",""relation"":""unknown"",""confidence"":0.0,""response"":"""",""reason"":""A material fact needed to distinguish APPLY from IGNORE is genuinely missing.""}"
education_examples,scoped,outside,"Session 1: The request for examples applies only to abstract learning sessions.
Session 2: Another message asked for a summary of a news article.
Session 3: This concept is unusually abstract, so examples are needed for this topic.
Session 4: Please teach this with several concrete examples.
Session 5: We briefly talked about a grocery list for the weekend.
Session 6: It is not required in every educational response.
Session 7: For reference sheets, I prefer compact definitions without examples.","I need a compact reference entry, not a worked example.",IGNORE,IGNORE,"{""preference"": ""education_examples"", ""family"": ""writing_conciseness"", ""owner"": ""session_3"", ""information_type"": ""temporary_constraint"", ""applies_when"": ""Session_3"", ""does_not_apply_when"": ""Session_1|Session_2|Session_4|Session_5|Session_6"", ""temporal_validity"": ""context-dependent"", ""confidence"": 0.8, ""evidence"": [""{'text': 'This concept is unusually abstract, so examples are needed for this topic.'}"", ""{'text': 'Please teach this with several concrete examples.'}""], ""permission"": ""response_personalization"", ""profile_variant"": ""scoped""}","The query specifies that you need a compact reference entry, which differs from a worked example.","{""action"":""IGNORE"",""relation"":""mismatch"",""confidence"":0.0,""response"":""The query specifies that you need a compact reference entry, which differs from a worked example."",""reason"":""The query's requirement of a compact reference entry directly contradicts the request for a worked example.""}"
writing_directness,stable,inside,"Session 1: I generally value direct communication, even in sensitive discussions.
Session 2: Another short conversation concerned a book recommendation.
Session 3: Another message asked for a summary of a news article.
Session 4: Across contexts, I prefer people to state the point clearly.
Session 5: Remove hedging and state the request clearly.
Session 6: Avoiding unnecessary hedging is a persistent preference of mine.
Session 7: Direct wording is my default style.",Write a compassionate message to someone facing bad news.,APPLY,IGNORE,"{""preference"": ""write_directness"", ""family"": ""writing_directness"", ""owner"": ""session_history"", ""information_type"": ""persistent"", ""applies_when"": ""context-independent"", ""does_not_apply_when"": ""none"", ""temporal_validity"": ""persistent"", ""confidence"": 1.0, ""evidence"": [""Another short conversation concerned a book recommendation."", ""Across contexts, I prefer people to state the point clearly.""], ""permission"": ""response_personalization"", ""profile_variant"": ""stable""}","The current query asks for a compassionate message in response to bad news, which which may not directly apply to your previous preferences related to writing directness.","{""action"":""IGNORE"",""relation"":""mismatch"",""confidence"":0.0,""response"":""The current query asks for a compassionate message in response to bad news, which which may not directly apply to your previous preferences related to writing directness."",""reason"":""The context of the current query (bad news) differs significantly from the previously stated preference (writing directness).""}"
food_vegetarian,stable,inside,"Session 1: I am consistently vegetarian in my own meals.
Session 2: We also discussed the weather for an unrelated day trip.
Session 3: For this request, avoid meat and fish.
Session 4: There was an unrelated request to rename several documents.
Session 5: Vegetarian eating is a persistent personal preference.
Session 6: Even at celebrations, I choose vegetarian dishes.
Session 7: Across restaurants and home cooking, I avoid meat and fish.","Plan dinner for my sister, who still follows a vegetarian diet.",APPLY,IGNORE,"{""preference"": ""food_vegetarian"", ""family"": ""food_vegetarian"", ""owner"": ""me"", ""information_type"": ""persistent"", ""applies_when"": ""across_tasks"", ""does_not_apply_when"": ""unrelated_requests"", ""temporal_validity"": ""persistent"", ""confidence"": 1.0, ""evidence"": [""I am consistently vegetarian in my own meals."", ""Even at celebrations, I choose vegetarian dishes.""], ""permission"": ""response_personalization"", ""profile_variant"": ""stable""}",,"{""action"":""IGNORE"",""relation"":""mismatch"",""confidence"":0.0,""response"":"""",""reason"":""The query 'Plan dinner for my sister, who still follows a vegetarian diet' does not apply to the given information as it pertains to personal preferences rather than specific tasks.""}"
