example_id,family,domain,profile_variant,zone,query_kind,query,action,prediction,pred_relation,decision_confidence,pred_family,pred_profile_variant,pred_owner,pred_information_type,pred_temporal_validity,memory_parse_mode,decision_parse_mode,structured_memory,decision_raw_output
writing_directness-test-004-outside-stable,writing_directness,writing,stable,inside,outside,Write a compassionate message to someone facing bad news.,APPLY,IGNORE,mismatch,0.0,writing_directness,stable,session_history,persistent,persistent,json,json,"{""preference"": ""write_directness"", ""family"": ""writing_directness"", ""owner"": ""session_history"", ""information_type"": ""persistent"", ""applies_when"": ""context-independent"", ""does_not_apply_when"": ""none"", ""temporal_validity"": ""persistent"", ""confidence"": 1.0, ""evidence"": [""Another short conversation concerned a book recommendation."", ""Across contexts, I prefer people to state the point clearly.""], ""permission"": ""response_personalization"", ""profile_variant"": ""stable""}","{""action"":""IGNORE"",""relation"":""mismatch"",""confidence"":0.0,""response"":""The current query asks for a compassionate message in response to bad news, which which may not directly apply to your previous preferences related to writing directness."",""reason"":""The context of the current query (bad news) differs significantly from the previously stated preference (writing directness).""}"
food_vegetarian-test-005-inside-stable,food_vegetarian,food,stable,inside,inside,"Plan dinner for my sister, who still follows a vegetarian diet.",APPLY,IGNORE,mismatch,0.0,food_vegetarian,stable,me,persistent,persistent,json,json,"{""preference"": ""food_vegetarian"", ""family"": ""food_vegetarian"", ""owner"": ""me"", ""information_type"": ""persistent"", ""applies_when"": ""across_tasks"", ""does_not_apply_when"": ""unrelated_requests"", ""temporal_validity"": ""persistent"", ""confidence"": 1.0, ""evidence"": [""I am consistently vegetarian in my own meals."", ""Even at celebrations, I choose vegetarian dishes.""], ""permission"": ""response_personalization"", ""profile_variant"": ""stable""}","{""action"":""IGNORE"",""relation"":""mismatch"",""confidence"":0.0,""response"":"""",""reason"":""The query 'Plan dinner for my sister, who still follows a vegetarian diet' does not apply to the given information as it pertains to personal preferences rather than specific tasks.""}"
food_quick_meals-test-001-near-scoped,food_quick_meals,food,scoped,near,near,I have not said whether I am still busy or finally free.,CLARIFY,IGNORE,unknown,0.0,writing_directness,scoped,session_3,temporary_constraint,context-dependent,json,json,"{""preference"": ""write_directness"", ""family"": ""writing_directness"", ""owner"": ""session_3"", ""information_type"": ""temporary_constraint"", ""applies_when"": ""deadline_period"", ""does_not_apply_when"": ""weather_for_trip"", ""temporal_validity"": ""context-dependent"", ""confidence"": 0.8, ""evidence"": [""Normally I enjoy slow cooking when my schedule is open."", ""We also discussed a calendar reminder for next month.""], ""permission"": ""response_personalization"", ""profile_variant"": ""scoped""}","{""action"":""IGNORE"",""relation"":""unknown"",""confidence"":0.0,""response"":"""",""reason"":""A material fact needed to distinguish APPLY from IGNORE is genuinely missing.""}"
education_answer_only-test-015-near-stable,education_answer_only,education,stable,inside,near,I am unsure whether I want speed or explanation for this one.,APPLY,IGNORE,unknown,0.0,writing_conciseness,stable,writing_directness,temporary_constraint,persistent,json,json,"{""preference"": ""education_answer_only"", ""family"": ""writing_conciseness"", ""owner"": ""writing_directness"", ""information_type"": ""temporary_constraint"", ""applies_when"": ""across_subjects"", ""does_not_apply_when"": ""time_pressure"", ""temporal_validity"": ""persistent"", ""confidence"": 0.9, ""evidence"": [""Just tell me the correct answer."", ""Across subjects, I usually work through the reasoning independently.""], ""permission"": ""response_personalization"", ""profile_variant"": ""stable""}","{""action"":""IGNORE"",""relation"":""unknown"",""confidence"":0.0,""response"":"""",""reason"":""A material fact needed to distinguish APPLY from IGNORE is genuinely missing.""}"
writing_formality-test-014-inside-stable,writing_formality,writing,stable,inside,inside,Help me write to a potential employer.,APPLY,IGNORE,unknown,0.0,writing_formality,stable,none,none,persistent,json,json,"{""preference"": ""write_formality"", ""family"": ""writing_formality"", ""owner"": ""none"", ""information_type"": ""none"", ""applies_when"": ""none"", ""does_not_apply_when"": ""none"", ""temporal_validity"": ""persistent"", ""confidence"": 0.9, ""evidence"": [""Across audiences, I generally avoid casual expressions."", ""Please rewrite this message in a formal tone."", ""A formal tone is a stable writing preference for me.""], ""permission"": ""response_personalization"", ""profile_variant"": ""stable""}","{""action"":""IGNORE"",""relation"":""unknown"",""confidence"":0.0,""response"":"""",""reason"":""No clear boundary or preference information provided.""}"
education_detail-test-003-inside-scoped,education_detail,education,scoped,inside,inside,"I am new to this subject, so build the explanation from first principles.",APPLY,IGNORE,unknown,0.0,writing_conciseness,scoped,session_6,temporary_constraint,context-dependent,json,json,"{""preference"": ""education_answer_only"", ""family"": ""writing_conciseness"", ""owner"": ""session_6"", ""information_type"": ""temporary_constraint"", ""applies_when"": ""this_topic_is_new_to_me"", ""does_not_apply_when"": ""routine_checks_or_timed_quizzes"", ""temporal_validity"": ""context-dependent"", ""confidence"": 0.9, ""evidence"": [""{'text': 'This topic is new to me, so I need extra detail for this lesson.'}"", ""{'text': 'We briefly talked about a grocery list for the weekend.'}""], ""permission"": ""response_personalization"", ""profile_variant"": ""scoped""}","{""action"":""IGNORE"",""relation"":""unknown"",""confidence"":0.0,""response"":"""",""reason"":""A material fact needed to distinguish APPLY from IGNORE is genuinely missing.""}"
travel_budget-test-007-inside-stable,travel_budget,travel,stable,inside,inside,Find lodging for a trip with a firm reimbursement ceiling.,APPLY,IGNORE,mismatch,0.0,travel_comfort,stable,session_history,persistent,persistent,json,json,"{""preference"": ""travel_budget"", ""family"": ""travel_comfort"", ""owner"": ""session_history"", ""information_type"": ""persistent"", ""applies_when"": ""travel"", ""does_not_apply_when"": ""education"", ""temporal_validity"": ""persistent"", ""confidence"": 0.9, ""evidence"": [""There was a separate exchange about organizing files on a laptop."", ""Budget hotels are my default travel preference.""], ""permission"": ""response_personalization"", ""profile_variant"": ""stable""}","{""action"":""IGNORE"",""relation"":""mismatch"",""confidence"":0.0,""response"":"""",""reason"":""The query 'Find lodging for a trip with a firm reimbursement ceiling' does not apply the given preference of 'travel_budget'.""}"
food_spiciness-test-011-inside-stable,food_spiciness,food,stable,inside,inside,I remain on the medicine and cannot handle strong chili yet.,APPLY,IGNORE,mismatch,0.0,food_spiciness,stable,,persistent,persistent,json,json,"{""preference"": ""food_spiciness"", ""family"": ""food_spiciness"", ""owner"": """", ""information_type"": ""persistent"", ""applies_when"": ""session_6"", ""does_not_apply_when"": ""session_1"", ""temporal_validity"": ""persistent"", ""confidence"": 0.9, ""evidence"": [""Across cuisines, I consistently choose mild dishes."", ""Even when others order spicy food, I select the mild option."", ""Please make the dish mild rather than spicy.""], ""permission"": ""response_personalization"", ""profile_variant"": ""stable""}","{""action"":""IGNORE"",""relation"":""mismatch"",""confidence"":0.0,""response"":""The information provided suggests that you prefer mild cuisine, which which the current query about handling strong chili contradicts."",""reason"":""The query indicates an inability to handle strong chili, which which directly conflicts with your stated preference for mild cuisine.""}"
travel_budget-test-003-outside-stable,travel_budget,travel,stable,inside,outside,The organization is paying and there is no spending limit for lodging.,APPLY,IGNORE,mismatch,0.0,travel_comfort,scoped,session_5,temporary_constraint,context-dependent,json,json,"{""preference"": ""travel_budget"", ""family"": ""travel_comfort"", ""owner"": ""session_5"", ""information_type"": ""temporary_constraint"", ""applies_when"": ""for_this_trip"", ""does_not_apply_when"": ""not_for_this_trip"", ""temporal_validity"": ""context-dependent"", ""confidence"": 0.9, ""evidence"": [""A different session was about fixing a small Python error."", ""Another short conversation concerned a book recommendation.""], ""permission"": ""response_personalization"", ""profile_variant"": ""scoped""}","{""action"":""IGNORE"",""relation"":""mismatch"",""confidence"":0.0,""response"":""The information provided does not directly relate to the travel budget preferences set in the previous sessions."",""reason"":""The current query specifies that the organization is paying for lodging without mentioning any specific travel budget constraints.""}"
food_spiciness-test-007-outside-stable,food_spiciness,food,stable,inside,outside,The medication is finished and the sensitivity is gone.,APPLY,IGNORE,mismatch,0.0,travel_comfort,stable,,temporary_constraint,context-dependent,json,json,"{""preference"": ""food_spiciness"", ""family"": ""travel_comfort"", ""owner"": """", ""information_type"": ""temporary_constraint"", ""applies_when"": ""session_5"", ""does_not_apply_when"": ""all_other_sessions"", ""temporal_validity"": ""context-dependent"", ""confidence"": 0.9, ""evidence"": [""Across cuisines, I consistently choose mild dishes."", ""Even when others order spicy food, I select the mild option."", ""I generally dislike spicy food.""], ""permission"": ""response_personalization"", ""profile_variant"": ""stable""}","{""action"":""IGNORE"",""relation"":""mismatch"",""confidence"":0.0,""response"":"""",""reason"":""The current query about medication status does not directly relate to the user's preferences for spiciness or travel comfort.""}"
writing_formality-test-013-inside-scoped,writing_formality,writing,scoped,inside,inside,Help me write to a potential employer.,APPLY,IGNORE,unknown,0.0,writing_formality,scoped,academic_or_official_recipients,temporary_constraint,context-dependent,json,json,"{""preference"": ""write_formality"", ""family"": ""writing_formality"", ""owner"": ""academic_or_official_recipients"", ""information_type"": ""temporary_constraint"", ""applies_when"": ""formal_request"", ""does_not_apply_when"": ""academic_or_official_recipients"", ""temporal_validity"": ""context-dependent"", ""confidence"": 0.8, ""evidence"": [""This draft is addressed to a professor, so the audience requires formality."", ""It is an audience-specific requirement, not my universal style.""], ""permission"": ""response_personalization"", ""profile_variant"": ""scoped""}","{""action"":""IGNORE"",""relation"":""unknown"",""confidence"":0.0,""response"":"""",""reason"":""A material fact needed to distinguish APPLY from IGNORE is genuinely missing.""}"
education_examples-test-009-near-stable,education_examples,education,stable,inside,near,Choose whether to include examples; I have not stated my purpose.,APPLY,IGNORE,unknown,0.0,writing_conciseness,stable,writing_directness,temporary_constraint,context-dependent,json,json,"{""preference"": ""education_examples"", ""family"": ""writing_conciseness"", ""owner"": ""writing_directness"", ""information_type"": ""temporary_constraint"", ""applies_when"": ""context-dependent"", ""does_not_apply_when"": ""none"", ""temporal_validity"": ""context-dependent"", ""confidence"": 0.9, ""evidence"": [""I generally understand ideas best through concrete examples."", ""Example-driven teaching is a stable preference for me.""], ""permission"": ""response_personalization"", ""profile_variant"": ""stable""}","{""action"":""IGNORE"",""relation"":""unknown"",""confidence"":0.0,""response"":""The information type 'temporary_constraint' indicates that the constraint may change based on context. Since you haven't specified your purpose, there isn't enough information to determine if including examples aligns with your preferences."",""reason"":""material fact needed to distinguish APPLY from IGNORE is genuinely missing""}"
travel_proximity-test-004-inside-stable,travel_proximity,travel,stable,inside,inside,The schedule is compressed and I must reach the conference hall before dawn.,APPLY,IGNORE,mismatch,0.0,travel_comfort,scoped,,temporary_constraint,context-dependent,json,json,"{""preference"": ""travel_proximity"", ""family"": ""travel_comfort"", ""owner"": """", ""information_type"": ""temporary_constraint"", ""applies_when"": ""this_trip"", ""does_not_apply_when"": ""relaxed_vacations"", ""temporal_validity"": ""context-dependent"", ""confidence"": 0.8, ""evidence"": [""Another short conversation concerned a book recommendation."", ""Across trips, staying close to the main destination is my default."", ""There was an unrelated request to rename several documents.""], ""permission"": ""response_personalization"", ""profile_variant"": ""scoped""}","{""action"":""IGNORE"",""relation"":""mismatch"",""confidence"":0.0,""response"":""The query 'The schedule is compressed and I must reach the conference hall before dawn' does not directly relate to the travel preferences specified in the memory."",""reason"":""The query focuses on time management rather than travel proximity or comfort.""}"
food_quick_meals-test-011-inside-scoped,food_quick_meals,food,scoped,inside,inside,I am racing to finish a project and need food immediately.,APPLY,IGNORE,mismatch,0.0,writing_directness,scoped,session_owner,temporary_constraint,context-dependent,json,json,"{""preference"": ""write_directness"", ""family"": ""writing_directness"", ""owner"": ""session_owner"", ""information_type"": ""temporary_constraint"", ""applies_when"": ""deadline_period"", ""does_not_apply_when"": ""general_cooking_preference"", ""temporal_validity"": ""context-dependent"", ""confidence"": 0.8, ""evidence"": [""This week I have an unusually heavy deadline."", ""We also discussed the weather for an unrelated day trip.""], ""permission"": ""response_personalization"", ""profile_variant"": ""scoped""}","{""action"":""IGNORE"",""relation"":""mismatch"",""confidence"":0.0,""response"":""The urgency of finishing your project may lead you to prioritize immediate food over other considerations such as general cooking preferences."",""reason"":""The current query indicates a high priority on completing the project, which might override any general preferences related to food preparation.""}"
food_vegetarian-test-013-near-scoped,food_vegetarian,food,scoped,near,near,"Recommend food, but I have not confirmed whether my sister is attending.",CLARIFY,IGNORE,unknown,0.0,food_vegetarian,scoped,,temporary_constraint,context-dependent,json,json,"{""preference"": ""food_vegetarian"", ""family"": ""food_vegetarian"", ""owner"": """", ""information_type"": ""temporary_constraint"", ""applies_when"": ""meat_free_request"", ""does_not_apply_when"": ""general_diet"", ""temporal_validity"": ""context-dependent"", ""confidence"": 0.9, ""evidence"": [""Session 1: I normally eat meat and fish myself."", ""Session 2: Another short conversation concerned a book recommendation."", ""Session 3: Please suggest a vegetarian meal.""], ""permission"": ""response_personalization"", ""profile_variant"": ""scoped""}","{""action"":""IGNORE"",""relation"":""unknown"",""confidence"":0.0,""response"":"""",""reason"":""A material fact needed to distinguish APPLY from IGNORE is genuinely missing.""}"
education_examples-test-000-near-stable,education_examples,education,stable,inside,near,"Help with this concept, but the final use of the answer is unknown.",APPLY,IGNORE,unknown,0.0,writing_directness,stable,example_session_1_to_7,temporary_constraint,context-dependent,json,json,"{""preference"": ""write_directness"", ""family"": ""writing_directness"", ""owner"": ""example_session_1_to_7"", ""information_type"": ""temporary_constraint"", ""applies_when"": ""session_5_and_6"", ""does_not_apply_when"": ""session_1_to_4"", ""temporal_validity"": ""context-dependent"", ""confidence"": 0.9, ""evidence"": [""Example-driven teaching is a stable preference for me."", ""A different session was about fixing a small Python error."", ""There was a separate exchange about organizing files on a laptop.""], ""permission"": ""response_personalization"", ""profile_variant"": ""stable""}","{""action"":""IGNORE"",""relation"":""unknown"",""confidence"":0.0,""response"":"""",""reason"":""The current query does not provide enough information to determine whether the preference should be applied or ignored.""}"
travel_comfort-test-004-outside-stable,travel_comfort,travel,stable,inside,outside,"Recovery is complete, so basic transportation is fine now.",APPLY,IGNORE,mismatch,0.0,travel_comfort,stable,session_5,temporary_constraint,context-dependent,json,json,"{""preference"": ""travel_comfort"", ""family"": ""travel_comfort"", ""owner"": ""session_5"", ""information_type"": ""temporary_constraint"", ""applies_when"": ""for_this_trip"", ""does_not_apply_when"": ""not_for_short_journeys"", ""temporal_validity"": ""context-dependent"", ""confidence"": 0.9, ""evidence"": [""For this trip, choose the most comfortable option."", ""Across trips, I am willing to pay more for an easier experience.""], ""permission"": ""response_personalization"", ""profile_variant"": ""stable""}","{""action"":""IGNORE"",""relation"":""mismatch"",""confidence"":0.0,""response"":""The current query indicates that recovery is complete and basic transportation is fine now, which does not align with the previous preferences related to travel comfort."",""reason"":""The query suggests a change in circumstances (recovery completed) without specifying how this affects the previously established preferences.""}"
food_vegetarian-test-008-inside-scoped,food_vegetarian,food,scoped,inside,inside,"Plan dinner for my sister, who still follows a vegetarian diet.",APPLY,IGNORE,mismatch,0.0,food_vegetarian,scoped,,temporary_constraint,context-dependent,json,json,"{""preference"": ""food_vegetarian"", ""family"": ""food_vegetarian"", ""owner"": """", ""information_type"": ""temporary_constraint"", ""applies_when"": ""meat_free_request"", ""does_not_apply_when"": ""general_diet"", ""temporal_validity"": ""context-dependent"", ""confidence"": 0.9, ""evidence"": [""This meat-free request applies only when I am cooking for her."", ""The vegetarian guest is my sister, not me."", ""It should not be stored as my own general diet.""], ""permission"": ""response_personalization"", ""profile_variant"": ""scoped""}","{""action"":""IGNORE"",""relation"":""mismatch"",""confidence"":0.0,""response"":""The information provided suggests that your sister's dietary preferences may change based on context, so we cannot apply the 'food_vegetarian' preference in this case."",""reason"":""The evidence indicates that the preference might not always apply due to changing circumstances.""}"
education_answer_only-test-002-inside-stable,education_answer_only,education,stable,inside,inside,I have almost no time; state only the correct choice.,APPLY,IGNORE,mismatch,0.0,writing_conciseness,stable,none,temporary_constraint,persistent,json,json,"{""preference"": ""answer_only"", ""family"": ""writing_conciseness"", ""owner"": ""none"", ""information_type"": ""temporary_constraint"", ""applies_when"": ""across_subjects"", ""does_not_apply_when"": ""extra_time_pressure"", ""temporal_validity"": ""persistent"", ""confidence"": 0.9, ""evidence"": [""The final result is my persistent preference when asking for help."", ""Across subjects, I usually work through the reasoning independently.""], ""permission"": ""response_personalization"", ""profile_variant"": ""stable""}","{""action"":""IGNORE"",""relation"":""mismatch"",""confidence"":0.0,""response"":""The information provided does not specify whether you are self-funded or fully reimbursed, which making it unclear how your preferences should apply."",""reason"":""A material fact needed to distinguish APPLY from IGNORE is genuinely missing.""}"
food_quick_meals-test-005-outside-stable,food_quick_meals,food,stable,inside,outside,Work is finished and I have the whole afternoon to cook.,APPLY,IGNORE,unknown,0.0,writing_directness,stable,session_history,temporary_constraint,context-dependent,json,json,"{""preference"": ""write_directness"", ""family"": ""writing_directness"", ""owner"": ""session_history"", ""information_type"": ""temporary_constraint"", ""applies_when"": ""weather_for_trip"", ""does_not_apply_when"": ""travel_proximity"", ""temporal_validity"": ""context-dependent"", ""confidence"": 0.9, ""evidence"": [""Fast recipes are my persistent cooking preference."", ""Across weekdays and weekends, preparation time is a major priority.""], ""permission"": ""response_personalization"", ""profile_variant"": ""stable""}","{""action"":""IGNORE"",""relation"":""unknown"",""confidence"":0.0,""response"":"""",""reason"":""A material fact needed to distinguish APPLY from IGNORE is genuinely missing.""}"
education_answer_only-test-002-near-scoped,education_answer_only,education,scoped,near,near,"Respond to the problem, but I have not described the learning context.",CLARIFY,IGNORE,mismatch,0.0,writing_conciseness,scoped,session_5,temporary_constraint,context-dependent,json,json,"{""preference"": ""education_answer_only"", ""family"": ""writing_conciseness"", ""owner"": ""session_5"", ""information_type"": ""temporary_constraint"", ""applies_when"": ""timed_practice_round"", ""does_not_apply_when"": ""general_learning_style"", ""temporal_validity"": ""context-dependent"", ""confidence"": 0.8, ""evidence"": [""Another message asked for a summary of a news article."", ""It is a temporary task constraint, not my general learning style.""], ""permission"": ""response_personalization"", ""profile_variant"": ""scoped""}","{""action"":""IGNORE"",""relation"":""mismatch"",""confidence"":0.0,""response"":""The query asks about the learning context, which is unrelated to the previous information provided."",""reason"":""The query's focus on the learning context contradicts the previous information that was given as a temporary constraint.""}"
writing_directness-test-006-near-stable,writing_directness,writing,stable,inside,near,"Write the message, although I have not said whether this is a conflict.",APPLY,IGNORE,mismatch,0.0,writing_directness,stable,none,temporary_constraint,context-dependent,json,json,"{""preference"": ""write_directness"", ""family"": ""writing_directness"", ""owner"": ""none"", ""information_type"": ""temporary_constraint"", ""applies_when"": ""context-dependent"", ""does_not_apply_when"": ""education_answer_only,travel_budget,personal_information"", ""temporal_validity"": ""context-dependent"", ""confidence"": 0.9, ""evidence"": [""Across contexts, I prefer people to state the point clearly."", ""Avoiding unnecessary hedging is a persistent preference of mine."", ""We briefly talked about a grocery list for the weekend.""], ""permission"": ""response_personalization"", ""profile_variant"": ""stable""}","{""action"":""IGNORE"",""relation"":""mismatch"",""confidence"":0.0,""response"":""The query 'Write the message, although I have not said whether this is a conflict.' does not directly relate to my preferences as stated in the MEMORY section."",""reason"":""The query lacks specific information that would allow me to determine if it should apply or ignore based on my established preferences.""}"
education_examples-test-005-near-scoped,education_examples,education,scoped,near,near,Choose whether to include examples; I have not stated my purpose.,CLARIFY,IGNORE,mismatch,0.0,writing_conciseness,scoped,session_4,temporary_constraint,context-dependent,json,json,"{""preference"": ""education_examples"", ""family"": ""writing_conciseness"", ""owner"": ""session_4"", ""information_type"": ""temporary_constraint"", ""applies_when"": ""this_session"", ""does_not_apply_when"": ""all_sessions_except_this_one"", ""temporal_validity"": ""context-dependent"", ""confidence"": 0.8, ""evidence"": [""This concept is unusually abstract, so examples are needed for this topic.""], ""permission"": ""response_personalization"", ""profile_variant"": ""scoped""}","{""action"":""IGNORE"",""relation"":""mismatch"",""confidence"":0.0,""response"":""The information type 'temporary_constraint' suggests that the constraint may change over time, making it unclear how to apply or ignore the example inclusion based on the current context."",""reason"":""The temporal validity of 'context-dependent' indicates that the constraint's applicability might vary depending on the situation.""}"
food_quick_meals-test-004-near-scoped,food_quick_meals,food,scoped,near,near,I have not said whether I am still busy or finally free.,CLARIFY,IGNORE,mismatch,0.0,writing_directness,scoped,session_6,temporary_constraint,context-dependent,json,json,"{""preference"": ""write_directness"", ""family"": ""writing_directness"", ""owner"": ""session_6"", ""information_type"": ""temporary_constraint"", ""applies_when"": ""deadline_period"", ""does_not_apply_when"": ""general_cooking_preference"", ""temporal_validity"": ""context-dependent"", ""confidence"": 0.8, ""evidence"": [""It is a temporary time constraint, not my general cooking preference.""], ""permission"": ""response_personalization"", ""profile_variant"": ""scoped""}","{""action"":""IGNORE"",""relation"":""mismatch"",""confidence"":0.0,""response"":""The information provided does not directly relate to the preference for writing directness."",""reason"":""The query asks about being busy or free, which which is unrelated to the preference for writing directness.""}"
education_detail-test-007-near-scoped,education_detail,education,scoped,near,near,Choose the amount of explanation; my current goal is unclear.,CLARIFY,IGNORE,unknown,0.0,writing_directness,stable,session_owner,temporary_constraint,context-dependent,json,json,"{""preference"": ""write_directness"", ""family"": ""writing_directness"", ""owner"": ""session_owner"", ""information_type"": ""temporary_constraint"", ""applies_when"": ""routine_checks_timed_quizzes"", ""does_not_apply_when"": ""organizing_files_laptop,unrelated_request_rename_documents,new_topic_learning_material"", ""temporal_validity"": ""context-dependent"", ""confidence"": 0.8, ""evidence"": [""For routine checks and timed quizzes, I usually want only the answer."", ""It is not a universal response-style preference.""], ""permission"": ""response_personalization"", ""profile_variant"": ""stable""}","{""action"":""IGNORE"",""relation"":""unknown"",""confidence"":0.0,""response"":"""",""reason"":""The current query does not provide enough information to determine whether the preference should be applied, ignored, or clarified.""}"
travel_proximity-test-015-near-stable,travel_proximity,travel,stable,inside,near,The purpose and schedule of the visit are still unclear.,APPLY,IGNORE,mismatch,0.0,travel_comfort,stable,session_owner,temporary_constraint,context-dependent,json,json,"{""preference"": ""travel_proximity"", ""family"": ""travel_comfort"", ""owner"": ""session_owner"", ""information_type"": ""temporary_constraint"", ""applies_when"": ""context-dependent"", ""does_not_apply_when"": ""writing_conciseness,write_formality,write_directness,education_detail,education_examples,education_answer_only,food_vegetarian,food_spiciness,food_quick_meals,travel_budget,travel_comfort"", ""temporal_validity"": ""context-dependent"", ""confidence"": 0.9, ""evidence"": [""Across trips, staying close to the main destination is my default."", ""Another message asked for a summary of a news article.""], ""permission"": ""response_personalization"", ""profile_variant"": ""stable""}","{""action"":""IGNORE"",""relation"":""mismatch"",""confidence"":0.0,""response"":""The current query does not provide enough information to determine whether you prefer travel proximity or comfort."",""reason"":""The query 'The purpose and schedule of the visit are still unclear' does not specify which aspect (proximity or comfort) is more important.""}"
education_detail-test-008-inside-scoped,education_detail,education,scoped,inside,inside,"I am new to this subject, so build the explanation from first principles.",APPLY,IGNORE,unknown,0.0,writing_conciseness,scoped,writing_directness,temporary_constraint,context-dependent,json,json,"{""preference"": ""education_answer_only"", ""family"": ""writing_conciseness"", ""owner"": ""writing_directness"", ""information_type"": ""temporary_constraint"", ""applies_when"": ""session_7"", ""does_not_apply_when"": ""all_other_sessions"", ""temporal_validity"": ""context-dependent"", ""confidence"": 0.8, ""evidence"": [""There was a separate exchange about organizing files on a laptop."", ""It is not a universal response-style preference.""], ""permission"": ""response_personalization"", ""profile_variant"": ""scoped""}","{""action"":""IGNORE"",""relation"":""unknown"",""confidence"":0.0,""response"":"""",""reason"":""A material fact needed to distinguish APPLY from IGNORE is genuinely missing.""}"
travel_budget-test-014-near-scoped,travel_budget,travel,scoped,near,near,It is unclear whether I or the sponsor will cover accommodation.,CLARIFY,IGNORE,mismatch,0.0,travel_comfort,scoped,,temporary_constraint,context-dependent,json,json,"{""preference"": ""travel_comfort"", ""family"": ""travel_comfort"", ""owner"": """", ""information_type"": ""temporary_constraint"", ""applies_when"": ""this_trip"", ""does_not_apply_when"": ""general_travel_preference"", ""temporal_validity"": ""context-dependent"", ""confidence"": 0.8, ""evidence"": [""Another message asked for a summary of a news article."", ""Cheap accommodation is not a general travel preference for me."", ""The low-price request is only for this capped trip.""], ""permission"": ""response_personalization"", ""profile_variant"": ""scoped""}","{""action"":""IGNORE"",""relation"":""mismatch"",""confidence"":0.0,""response"":""The information provided is insufficient to determine if I or the sponsor will cover accommodation."",""reason"":""A material fact needed to distinguish APPLY from IGNORE is genuinely missing.""}"
education_examples-test-014-near-scoped,education_examples,education,scoped,near,near,Choose whether to include examples; I have not stated my purpose.,CLARIFY,IGNORE,unknown,0.0,writing_conciseness,scoped,session_3,temporary_constraint,context-dependent,json,json,"{""preference"": ""education_examples"", ""family"": ""writing_conciseness"", ""owner"": ""session_3"", ""information_type"": ""temporary_constraint"", ""applies_when"": ""Session_3"", ""does_not_apply_when"": ""Session_1|Session_2|Session_4|Session_5|Session_6"", ""temporal_validity"": ""context-dependent"", ""confidence"": 0.8, ""evidence"": [""{'text': 'This concept is unusually abstract, so examples are needed for this topic.'}"", ""{'text': 'Please teach this with several concrete examples.'}""], ""permission"": ""response_personalization"", ""profile_variant"": ""scoped""}","{""action"":""IGNORE"",""relation"":""unknown"",""confidence"":0.0,""response"":""The information provided is insufficient to determine an appropriate action."",""reason"":""A material fact needed to distinguish APPLY from IGNORE is genuinely missing.""}"
writing_conciseness-test-014-near-stable,writing_conciseness,writing,stable,inside,near,Should this be a quick answer or a tutorial? I have not decided.,APPLY,IGNORE,unknown,0.0,writing_directness,stable,writing_conciseness,temporal_validity,persistent,json,json,"{""preference"": ""write_directness"", ""family"": ""writing_directness"", ""owner"": ""writing_conciseness"", ""information_type"": ""temporal_validity"", ""applies_when"": ""persistent"", ""does_not_apply_when"": ""education_answer_only"", ""temporal_validity"": ""persistent"", ""confidence"": 0.9, ""evidence"": [""Even when I have time, I usually want the direct answer first."", ""Brevity is a persistent interaction preference for me.""], ""permission"": ""response_personalization"", ""profile_variant"": ""stable""}","{""action"":""IGNORE"",""relation"":""unknown"",""confidence"":0.0,""response"":"""",""reason"":""A material fact needed to distinguish APPLY from IGNORE is genuinely missing.""}"
travel_comfort-test-007-inside-stable,travel_comfort,travel,stable,inside,inside,My current physical condition requires extra travel comfort.,APPLY,IGNORE,mismatch,0.0,travel_comfort,scoped,,temporary_constraint,context-dependent,json,json,"{""preference"": ""travel_comfort"", ""family"": ""travel_comfort"", ""owner"": """", ""information_type"": ""temporary_constraint"", ""applies_when"": ""this_trip"", ""does_not_apply_when"": ""other_trips"", ""temporal_validity"": ""context-dependent"", ""confidence"": 0.9, ""evidence"": [""There was an unrelated request to rename several documents."", ""Comfort is a persistent travel preference for me."", ""Even for short journeys, I avoid inconvenient travel options.""], ""permission"": ""response_personalization"", ""profile_variant"": ""scoped""}","{""action"":""IGNORE"",""relation"":""mismatch"",""confidence"":0.0,""response"":""The query 'My current physical condition requires extra travel comfort' does not directly apply to my personal preferences related to 'travel_comfort'."", ""reason"":""The query focuses on physical condition rather than travel preferences.""}"
travel_budget-test-008-near-scoped,travel_budget,travel,scoped,near,near,It is unclear whether I or the sponsor will cover accommodation.,CLARIFY,IGNORE,unknown,0.0,travel_comfort,scoped,session_history,temporary_constraint,context-dependent,json,json,"{""preference"": ""travel_budget"", ""family"": ""travel_comfort"", ""owner"": ""session_history"", ""information_type"": ""temporary_constraint"", ""applies_when"": ""this_trip"", ""does_not_apply_when"": ""general_travel_preferences"", ""temporal_validity"": ""context-dependent"", ""confidence"": 0.8, ""evidence"": [""There was a separate exchange about organizing files on a laptop."", ""Cheap accommodation is not a general travel preference for me.""], ""permission"": ""response_personalization"", ""profile_variant"": ""scoped""}","{""action"":""IGNORE"",""relation"":""unknown"",""confidence"":0.0,""response"":"""",""reason"":""A material fact needed to distinguish APPLY from IGNORE is genuinely missing.""}"
writing_conciseness-test-003-near-scoped,writing_conciseness,writing,scoped,near,near,I am unsure whether I need the summary or the full explanation.,CLARIFY,IGNORE,unknown,0.0,writing_directness,scoped,session_owner,temporary_constraint,context-dependent,json,json,"{""preference"": ""write_directness"", ""family"": ""writing_directness"", ""owner"": ""session_owner"", ""information_type"": ""temporary_constraint"", ""applies_when"": ""this_request_is_unusually_urgent"", ""does_not_apply_when"": ""not_a_general_preference_for_every_conversation"", ""temporal_validity"": ""context-dependent"", ""confidence"": 0.8, ""evidence"": [""I am about to join a meeting, so this request is unusually urgent."", ""The short answer is only for time-pressured situations.""], ""permission"": ""response_personalization"", ""profile_variant"": ""scoped""}","{""action"":""IGNORE"",""relation"":""unknown"",""confidence"":0.0,""response"":"""",""reason"":""A material fact needed to distinguish APPLY from IGNORE is genuinely missing.""}"
writing_formality-test-015-near-scoped,writing_formality,writing,scoped,near,near,Polish this text; I am not sure yet whether it is for a professor or a friend.,CLARIFY,IGNORE,unknown,0.0,writing_formality,scoped,academic_or_official_recipient,temporary_constraint,context-dependent,json,json,"{""preference"": ""write_formality"", ""family"": ""writing_formality"", ""owner"": ""academic_or_official_recipient"", ""information_type"": ""temporary_constraint"", ""applies_when"": ""session_5"", ""does_not_apply_when"": ""session_1, session_2, session_3, session_4, session_6, session_7"", ""temporal_validity"": ""context-dependent"", ""confidence"": 0.8, ""evidence"": [""Another message asked for a summary of a news article."", ""There was a separate exchange about organizing files on a laptop.""], ""permission"": ""response_personalization"", ""profile_variant"": ""scoped""}","{""action"":""IGNORE"",""relation"":""unknown"",""confidence"":0.0,""response"":""The information provided is insufficient to determine the appropriate action."",""reason"":""A material fact needed to distinguish APPLY from IGNORE is genuinely missing.""}"
writing_conciseness-test-012-inside-stable,writing_conciseness,writing,stable,inside,inside,Treat this as a rapid-fire question and keep it brief.,APPLY,IGNORE,mismatch,0.0,writing_directness,stable,writing_conciseness,temporary_constraint,context-dependent,json,json,"{""preference"": ""write_directness"", ""family"": ""writing_directness"", ""owner"": ""writing_conciseness"", ""information_type"": ""temporary_constraint"", ""applies_when"": ""context-dependent"", ""does_not_apply_when"": ""education_answer_only,travel_budget,food_spiciness,travel_proximity,travel_comfort,food_vegetarian"", ""temporal_validity"": ""context-dependent"", ""confidence"": 0.9, ""evidence"": [""Brevity is a persistent interaction preference for me."", ""Please keep this answer short and direct.""], ""permission"": ""response_personalization"", ""profile_variant"": ""stable""}","{""action"":""IGNORE"",""relation"":""mismatch"",""confidence"":0.0,""response"":"""",""reason"":""The query 'Treat this as a rapid-fire question and keep it brief' does not provide enough information to determine if the preference should apply.""}"
food_vegetarian-test-000-near-scoped,food_vegetarian,food,scoped,near,near,"Recommend food, but I have not confirmed whether my sister is attending.",CLARIFY,IGNORE,mismatch,0.0,food_vegetarian,scoped,,temporary_constraint,context-dependent,json,json,"{""preference"": ""food_vegetarian"", ""family"": ""food_vegetarian"", ""owner"": """", ""information_type"": ""temporary_constraint"", ""applies_when"": ""this_request"", ""does_not_apply_when"": ""other_requests"", ""temporal_validity"": ""context-dependent"", ""confidence"": 0.9, ""evidence"": [""There was an unrelated request to rename several documents."", ""This meat-free request applies only when I am cooking for her.""], ""permission"": ""response_personalization"", ""profile_variant"": ""scoped""}","{""action"":""IGNORE"",""relation"":""mismatch"",""confidence"":0.0,""response"":"""",""reason"":""The query 'I have not confirmed whether my sister is attending' does not specify any information about payment sources or preferences related to food type.""}"
travel_comfort-test-006-near-scoped,travel_comfort,travel,scoped,near,near,My present recovery status has not been specified.,CLARIFY,IGNORE,unknown,0.0,travel_comfort,scoped,session_5,temporary_constraint,context-dependent,json,json,"{""preference"": ""travel_comfort"", ""family"": ""travel_comfort"", ""owner"": ""session_5"", ""information_type"": ""temporary_constraint"", ""applies_when"": ""Session 6"", ""does_not_apply_when"": ""Session 7"", ""temporal_validity"": ""context-dependent"", ""confidence"": 0.8, ""evidence"": [""Session 6: For this trip, choose the most comfortable option."", ""Session 7: After recovery, I usually accept basic low-cost travel.""], ""permission"": ""response_personalization"", ""profile_variant"": ""scoped""}","{""action"":""IGNORE"",""relation"":""unknown"",""confidence"":0.0,""response"":"""",""reason"":""A material fact needed to distinguish APPLY from IGNORE is genuinely missing.""}"
travel_proximity-test-001-near-scoped,travel_proximity,travel,scoped,near,near,The purpose and schedule of the visit are still unclear.,CLARIFY,IGNORE,mismatch,0.0,travel_comfort,scoped,,temporary_constraint,context-dependent,json,json,"{""preference"": ""travel_proximity"", ""family"": ""travel_comfort"", ""owner"": """", ""information_type"": ""temporary_constraint"", ""applies_when"": ""this_trip"", ""does_not_apply_when"": ""normal_vacations"", ""temporal_validity"": ""context-dependent"", ""confidence"": 0.8, ""evidence"": [""This is a one-day business visit with meetings from early morning."", ""Another message asked for a summary of a news article."", ""On normal vacations, I prefer quieter hotels outside crowded centers.""], ""permission"": ""response_personalization"", ""profile_variant"": ""scoped""}","{""action"":""IGNORE"",""relation"":""mismatch"",""confidence"":0.0,""response"":""The information provided about the purpose and schedule of the visit is insufficient to determine whether to apply the personalization rule."",""reason"":""The query does not satisfy any specific condition that would either apply or ignore the personalization.""}"
writing_conciseness-test-014-near-scoped,writing_conciseness,writing,scoped,near,near,Should this be a quick answer or a tutorial? I have not decided.,CLARIFY,IGNORE,unknown,0.0,writing_directness,scoped,none,temporary_constraint,context-dependent,json,json,"{""preference"": ""write_directness"", ""family"": ""writing_directness"", ""owner"": ""none"", ""information_type"": ""temporary_constraint"", ""applies_when"": ""when_urgency_is_higher_than_normal"", ""does_not_apply_when"": ""not_urgent_or_time_pressured"", ""temporal_validity"": ""context-dependent"", ""confidence"": 0.8, ""evidence"": [""When joining a meeting, this request is unusually urgent."", ""This request is unusual in urgency compared to normal conversations.""], ""permission"": ""response_personalization"", ""profile_variant"": ""scoped""}","{""action"":""IGNORE"",""relation"":""unknown"",""confidence"":0.0,""response"":""The information provided is insufficient to determine whether this should be a quick answer or a tutorial."",""reason"":""A material fact needed to distinguish APPLY from IGNORE is genuinely missing.""}"
travel_proximity-test-009-near-scoped,travel_proximity,travel,scoped,near,near,"Suggest lodging, although I have not decided the trip itinerary.",CLARIFY,IGNORE,mismatch,0.0,travel_comfort,scoped,,temporary_constraint,context-dependent,json,json,"{""preference"": ""travel_proximity"", ""family"": ""travel_comfort"", ""owner"": """", ""information_type"": ""temporary_constraint"", ""applies_when"": ""this_trip"", ""does_not_apply_when"": ""normal_vacations"", ""temporal_validity"": ""context-dependent"", ""confidence"": 0.8, ""evidence"": [""This is a one-day business visit with meetings from early morning."", ""The walking-distance request is not a general preference.""], ""permission"": ""response_personalization"", ""profile_variant"": ""scoped""}","{""action"":""IGNORE"",""relation"":""mismatch"",""confidence"":0.0,""response"":""The query suggests lodging without specifying whether it's for a specific trip or just in general."", ""reason"":""The information type is temporary constraint, and there is no clear indication of how the response should apply to the current context.""}"
writing_formality-test-012-near-scoped,writing_formality,writing,scoped,near,near,"Adjust the tone, but the recipient has not been decided.",CLARIFY,IGNORE,mismatch,0.0,writing_formality,scoped,professor,audience_specific_requirement,context-dependent,json,json,"{""preference"": ""write_formality"", ""family"": ""writing_formality"", ""owner"": ""professor"", ""information_type"": ""audience_specific_requirement"", ""applies_when"": ""addressed_to_a_professor"", ""does_not_apply_when"": ""academic_or_official_recipients"", ""temporal_validity"": ""context-dependent"", ""confidence"": 0.8, ""evidence"": [""We also discussed a calendar reminder for next month."", ""A different session was about fixing a small Python error.""], ""permission"": ""response_personalization"", ""profile_variant"": ""scoped""}","{""action"":""IGNORE"",""relation"":""mismatch"",""confidence"":0.0,""response"":"""",""reason"":""The query 'Adjust the tone' does not specify a particular recipient, making it unclear whether the change should apply universally or just to the specified recipient.""}"
food_spiciness-test-006-near-scoped,food_spiciness,food,scoped,near,near,I have not said whether the medicine course is complete.,CLARIFY,IGNORE,unknown,0.0,food_spiciness,scoped,,temporary_constraint,context-dependent,json,json,"{""preference"": ""food_spiciness"", ""family"": ""food_spiciness"", ""owner"": """", ""information_type"": ""temporary_constraint"", ""applies_when"": ""during_this_treatment_period"", ""does_not_apply_when"": ""not_during_this_treatment_period"", ""temporal_validity"": ""context-dependent"", ""confidence"": 0.9, ""evidence"": [""Session 6: The mild-food request applies only during this treatment period."", ""Session 7: Normally I enjoy very spicy food."", ""Session 4: My stomach is temporarily sensitive because of medication.""], ""permission"": ""response_personalization"", ""profile_variant"": ""scoped""}","{""action"":""IGNORE"",""relation"":""unknown"",""confidence"":0.0,""response"":"""",""reason"":""A material fact needed to distinguish APPLY from IGNORE is genuinely missing.""}"
food_spiciness-test-011-near-scoped,food_spiciness,food,scoped,near,near,I have not said whether the medicine course is complete.,CLARIFY,IGNORE,unknown,0.0,travel_comfort,scoped,,temporary_constraint,context-dependent,json,json,"{""preference"": ""travel_comfort"", ""family"": ""travel_comfort"", ""owner"": """", ""information_type"": ""temporary_constraint"", ""applies_when"": ""session_7"", ""does_not_apply_when"": ""all_sessions_except_session_7"", ""temporal_validity"": ""context-dependent"", ""confidence"": 0.9, ""evidence"": [""My stomach is temporarily sensitive because of medication."", ""The mild-food request applies only during this treatment period."", ""There was an unrelated request to rename several documents.""], ""permission"": ""response_personalization"", ""profile_variant"": ""scoped""}","{""action"":""IGNORE"",""relation"":""unknown"",""confidence"":0.0,""response"":"""",""reason"":""A material fact needed to distinguish APPLY from IGNORE is genuinely missing.""}"
education_detail-test-005-near-scoped,education_detail,education,scoped,near,near,Choose the amount of explanation; my current goal is unclear.,CLARIFY,IGNORE,unknown,0.0,writing_conciseness,scoped,routine_checks_and_timed_quizzes,temporary_constraint,context-dependent,json,json,"{""preference"": ""education_answer_only"", ""family"": ""writing_conciseness"", ""owner"": ""routine_checks_and_timed_quizzes"", ""information_type"": ""temporary_constraint"", ""applies_when"": ""session_7"", ""does_not_apply_when"": ""all_other_sessions"", ""temporal_validity"": ""context-dependent"", ""confidence"": 0.8, ""evidence"": [""Another short conversation concerned a book recommendation."", ""This topic is new to me, so I need extra detail for this lesson.""], ""permission"": ""response_personalization"", ""profile_variant"": ""scoped""}","{""action"":""IGNORE"",""relation"":""unknown"",""confidence"":0.0,""response"":"""",""reason"":""A material fact needed to distinguish APPLY from IGNORE is genuinely missing.""}"
education_answer_only-test-001-near-scoped,education_answer_only,education,scoped,near,near,"Respond to the problem, but I have not described the learning context.",CLARIFY,IGNORE,mismatch,0.0,writing_conciseness,scoped,session_5,temporary_constraint,context-dependent,json,json,"{""preference"": ""answer_only"", ""family"": ""writing_conciseness"", ""owner"": ""session_5"", ""information_type"": ""temporary_constraint"", ""applies_when"": ""timed_practice_round"", ""does_not_apply_when"": ""general_learning_style"", ""temporal_validity"": ""context-dependent"", ""confidence"": 0.8, ""evidence"": [""Just tell me the correct answer."", ""Another message asked for a summary of a news article.""], ""permission"": ""response_personalization"", ""profile_variant"": ""scoped""}","{""action"":""IGNORE"",""relation"":""mismatch"",""confidence"":0.0,""response"":""The query asks about the learning context, which you haven't provided any information related to that."",""reason"":""The current query doesn't relate directly to the memory's content.""}"
writing_directness-test-006-near-scoped,writing_directness,writing,scoped,near,near,"Write the message, although I have not said whether this is a conflict.",CLARIFY,IGNORE,mismatch,0.0,writing_directness,scoped,,temporary_constraint,context-dependent,json,json,"{""preference"": ""write_directness"", ""family"": ""writing_directness"", ""owner"": """", ""information_type"": ""temporary_constraint"", ""applies_when"": ""unrelated_request"", ""does_not_apply_when"": ""general_preference"", ""temporal_validity"": ""context-dependent"", ""confidence"": 0.8, ""evidence"": [""It is not my general approach for every audience."", ""This is an internal logistics message where speed matters.""], ""permission"": ""response_personalization"", ""profile_variant"": ""scoped""}","{""action"":""IGNORE"",""relation"":""mismatch"",""confidence"":0.0,""response"":""The query indicates that you have not specified whether this is a conflict, which could affect how we handle the message."",""reason"":""The query's wording suggests ambiguity regarding the nature of the request.""}"
writing_directness-test-009-near-scoped,writing_directness,writing,scoped,near,near,"Write the message, although I have not said whether this is a conflict.",CLARIFY,IGNORE,mismatch,0.0,writing_directness,scoped,internal_logistics_message,temporary_constraint,context-dependent,json,json,"{""preference"": ""write_directness"", ""family"": ""writing_directness"", ""owner"": ""internal_logistics_message"", ""information_type"": ""temporary_constraint"", ""applies_when"": ""speed_matters"", ""does_not_apply_when"": ""general_approach_for_every_audience"", ""temporal_validity"": ""context-dependent"", ""confidence"": 0.8, ""evidence"": [""Please make the message very direct.""], ""permission"": ""response_personalization"", ""profile_variant"": ""scoped""}","{""action"":""IGNORE"",""relation"":""mismatch"",""confidence"":0.0,""response"":""The query suggests writing the message directly, even though you haven't specified if there's a conflict. This doesn't necessarily mean we should ignore your preference for directness."",""reason"":""The query indicates a need for clarity on whether there's a conflict, which which isn't addressed by simply ignoring the preference.""}"
travel_comfort-test-015-near-scoped,travel_comfort,travel,scoped,near,near,"Recommend travel, but it is unclear whether I still need accessibility support.",CLARIFY,IGNORE,unknown,0.0,travel_comfort,scoped,session_5,temporary_constraint,context-dependent,json,json,"{""preference"": ""travel_comfort"", ""family"": ""travel_comfort"", ""owner"": ""session_5"", ""information_type"": ""temporary_constraint"", ""applies_when"": ""Session 5"", ""does_not_apply_when"": ""Session 1, Session 2, Session 3, Session 4, Session 6, Session 7"", ""temporal_validity"": ""context-dependent"", ""confidence"": 0.9, ""evidence"": [""There was a separate exchange about organizing files on a laptop."", ""After recovery, I usually accept basic low-cost travel.""], ""permission"": ""response_personalization"", ""profile_variant"": ""scoped""}","{""action"":""IGNORE"",""relation"":""unknown"",""confidence"":0.0,""response"":""The information provided is insufficient to determine if the user needs accessibility support."",""reason"":""A material fact needed to distinguish APPLY from IGNORE is genuinely missing.""}"
